section,metric,value
"statistics","characters","35"
"statistics","words","8"
"statistics","sentences","2"
"statistics","lines","2"
"statistics","paragraphs","1"
"statistics","unique_words","5"
"statistics","longest_word","happy"
"statistics","shortest_word","is"
"statistics","average_word_length","3.25"
"statistics","average_sentence_length","4"
"statistics","reading_time_minutes","0.04"
"statistics","lexical_diversity","0.625"
"readability","valid","1"
"readability","syllables","10"
"readability","flesch_reading_ease","97.025"
"readability","flesch_kincaid_grade","0.72"
"readability","difficulty","Very easy"
"word_frequency","happy","2"
"word_frequency","is","2"
"word_frequency","the","2"
"word_frequency","cat","1"
"word_frequency","dog","1"
